Accession Number,Content
GSE186171,!Series_overall_design = Refer to individual Series
GSE197604,!Series_overall_design = Refer to individual Series
GSE180930,!Series_overall_design = Refer to individual Series
GSE164664,!Series_overall_design = Refer to individual Series
GSE140942,!Series_overall_design = Refer to individual Series
GSE151002,!Series_overall_design = Refer to individual Series
GSE144844,!Series_overall_design = Refer to individual Series
GSE126045,!Series_overall_design = Refer to individual Series
GSE103097,!Series_overall_design = Refer to individual Series
GSE62614,!Series_overall_design = Refer to individual Series
GSE51508,!Series_overall_design = Refer to individual Series
